id,Check,checkingpeer,state,time
1,1,peer 2,Start,10:32:33
2,1,peer 2,Success,11:05:11
3,2,peer 3,Start,19:36:01
4,2,peer 3,Success,20:06:13
5,3,peer 4,Start,15:37:13
6,3,peer 4,Failure,15:48:00
7,4,peer 5,Start,12:11:13
8,4,peer 5,Success,12:17:15
9,5,peer 1,Start,15:11:14
10,5,peer 1,Success,15:11:16
11,6,peer 1,Start,20:11:17
12,6,peer 1,Success,20:11:20
13,7,peer 5,Start,20:11:17
14,7,peer 5,Success,20:11:20
15,8,peer 3,Start,20:12:17
16,8,peer 3,Success,20:14:20
17,9,peer 2,Start,20:12:17
18,9,peer 2,Success,20:14:20
19,10,peer 1,Start,20:12:17
20,10,peer 1,Success,20:14:20
21,11,peer 4,Start,20:17:17
22,11,peer 4,Success,20:22:20
23,12,peer 1,Start,20:17:17
24,12,peer 1,Success,20:22:20
25,13,peer 5,Start,20:17:17
26,13,peer 5,Success,20:17:17
27,14,peer 4,Start,20:17:17
28,14,peer 4,Success,20:17:17
29,15,peer 3,Start,20:17:17
32,16,peer 5,Success,20:18:17
31,16,peer 5,Start,20:18:17
30,15,peer 3,Failure,20:17:17
